request_id,timestamp,prediction,Pregnancies,Glucose,BloodPressure,BMI,DiabeticPedigreeFunction,Age
1148e8b0-b93e-40b2-a6d1-e3258f6342f9,2026-03-22T17:14:03.601281,1,0.0,170.0,100.0,25.0,1.0,40.0
c7fe7b7f-339f-419a-a11d-8e5fe8f5acd4,2026-03-22T17:15:11.262986,1,0.0,170.0,100.0,25.0,1.0,40.0
2ae27312-2321-4c98-8c7e-26a134643da7,2026-03-22T17:15:32.493383,1,0.0,170.0,100.0,25.0,1.0,40.0
28aadb97-3d50-45f8-99f0-8efc4a98ec4a,2026-03-22T17:16:41.444678,1,3.0,170.0,100.0,25.0,1.0,40.0
813b1a2d-cf4f-4129-b76e-3958b3085fe5,2026-03-22T17:16:48.182895,0,3.0,170.0,100.0,25.0,1.0,20.0
227bfd28-d45c-4e71-afd0-78078c97a459,2026-03-22T17:16:57.688500,0,3.0,130.0,100.0,15.0,1.0,20.0
a7a33daf-db83-4f08-bc3b-6e2661eb7175,2026-03-23T16:16:50.436358,1,0.0,190.0,100.0,25.0,1.0,40.0
6a43bec3-88cf-437c-8682-075eb62caa40,2026-03-23T16:16:58.440589,0,0.0,190.0,100.0,25.0,1.0,20.0
66e02bc2-a678-4c76-9dff-b17278fb38ec,2026-03-24T12:30:41.865195,0,0.0,160.0,90.0,20.0,0.4,20.0
64fd31ac-8b97-45a4-826a-e662fbb4c718,2026-03-25T09:48:17.487051,0,2.0,170.0,90.0,22.0,0.8,40.0
f3033f20-6aba-4820-8b07-4139c55fdad8,2026-03-25T09:48:28.464987,0,1.0,170.0,90.0,22.0,0.8,40.0
195f503d-8be9-4cad-a5da-06a3ec80e343,2026-03-25T09:48:34.051002,0,0.0,170.0,90.0,22.0,0.8,40.0
9b343a0c-e904-41b9-99fb-12530f68667c,2026-03-25T09:48:40.294373,0,0.0,150.0,90.0,22.0,0.8,40.0
2990e4d2-80c6-47b1-ba71-67004a0ac2b6,2026-03-25T09:48:59.429808,1,0.0,150.0,90.0,50.0,0.8,40.0
c425fd41-eeb4-4cb9-9ab6-546b0f556327,2026-03-25T09:49:18.485555,1,3.0,200.0,90.0,30.0,0.8,40.0
fecf7b6b-017f-477a-9c72-250694364125,2026-03-25T18:04:46.565171,0,0.0,180.0,90.0,19.0,0.3,28.0
1a6c14fe-13f6-42b4-b318-ea85a1fcd9b6,2026-03-25T18:04:58.420387,1,0.0,220.0,90.0,19.0,0.3,28.0
adedae9e-652c-4fc6-bdd7-ee8a08ad0481,2026-03-26T15:32:41.909467,1,0.0,180.0,110.0,25.0,0.4,45.0
213128c5-9034-4d3b-8a59-c75f9c9c7c78,2026-03-26T15:32:50.664947,0,0.0,180.0,110.0,25.0,0.4,12.0
c6b0813c-ff28-4021-b0f4-b31d2351a290,2026-03-26T15:32:57.925745,1,0.0,220.0,110.0,25.0,0.4,12.0
d49c1a05-40cb-441c-add4-a0942a10319f,2026-03-26T16:09:34.347764,0,0.0,120.0,110.0,25.0,1.2,12.0
f40a1ef4-3bfa-48d8-8d9d-f8c8c821fb67,2026-03-26T16:09:39.878992,0,0.0,120.0,110.0,25.0,1.2,20.0
ce9702ae-86de-43db-845c-934b512d67b2,2026-03-26T16:09:44.292877,0,0.0,120.0,110.0,25.0,1.2,30.0
61d6da57-1c61-429f-991c-fd0f6ab43410,2026-03-26T16:09:49.068371,0,0.0,120.0,110.0,25.0,1.2,40.0
289e0346-6bbc-4d71-b321-1e505cb2ed58,2026-03-26T16:09:53.927889,0,0.0,120.0,110.0,25.0,1.2,50.0
b4a57b40-40a3-4f7f-b66e-269c7c90eb0e,2026-03-26T16:09:58.770957,0,0.0,120.0,110.0,25.0,1.2,90.0
a0ba7d74-afd6-4305-8e77-18f9f0136ebc,2026-03-26T16:35:38.129521,0,0.0,190.0,100.0,22.0,0.0,30.0
9edfb584-7c06-4524-92ab-4555abf4f210,2026-03-26T16:35:46.732998,0,0.0,190.0,100.0,24.0,0.0,30.0
2f2c3bfd-0d20-421a-8f7b-c434be12a03b,2026-03-26T16:35:51.142913,0,0.0,190.0,100.0,24.0,0.0,39.0
fd627c54-6f95-4066-bad3-0286bd2d6807,2026-03-26T16:35:57.655697,1,0.0,190.0,100.0,24.0,0.4,39.0
852f921e-c531-4476-8043-caf539987806,2026-03-26T18:05:43.126864,0,1.0,120.0,70.0,25.0,0.5,30.0
ffa0fd0e-c5dc-404f-b1c5-d24bb7054b50,2026-03-26T18:05:47.992474,0,1.0,120.0,70.0,25.0,0.5,30.0
b5aeddef-3af0-4c2a-9b89-24ac6a507d0a,2026-03-26T18:10:31.734375,0,1.0,120.0,70.0,25.0,0.5,30.0
a8651a51-89d7-4398-9e09-5e751af700fc,2026-03-26T18:13:45.361961,0,1.0,120.0,70.0,25.0,0.5,30.0
40a1a725-8097-4c3e-b8a3-85cdb2a04f91,2026-03-26T18:16:11.413385,0,1.0,120.0,70.0,25.0,0.5,30.0
4743c8d5-e75b-4b31-9091-53d87020bee2,2026-03-26T18:17:08.624917,0,3.0,127.0,73.0,24.87,0.47,27.0
93751fea-c3df-4121-937b-145f59b9e34f,2026-03-26T18:19:00.148792,0,1.0,120.0,70.0,25.0,0.5,30.0
0bc30618-2772-4555-99c8-bbcc09706d9c,2026-03-26T18:19:01.037254,0,1.0,120.0,70.0,25.0,0.5,30.0
0fae598a-aa8d-4250-b0ab-e39152f3346d,2026-03-26T18:19:01.182322,0,1.0,120.0,70.0,25.0,0.5,30.0
0b44dce3-f744-4d29-aa3e-5d80bf5e4d0a,2026-03-26T18:19:01.313791,0,1.0,120.0,70.0,25.0,0.5,30.0
866e13c4-b56d-44e4-9cf9-c83e28cd41b4,2026-03-26T18:19:01.498098,0,1.0,120.0,70.0,25.0,0.5,30.0
1c743271-354a-4f96-a8d2-11af081ff3ac,2026-03-26T18:19:01.625720,0,1.0,120.0,70.0,25.0,0.5,30.0
0a4af69a-5aac-4377-8434-191037c5c5cf,2026-03-26T18:19:01.772651,0,1.0,120.0,70.0,25.0,0.5,30.0
eaf862db-ce5b-423e-94cf-52604d0191e5,2026-03-26T18:19:01.919807,0,1.0,120.0,70.0,25.0,0.5,30.0
e94e58a2-8081-4470-905d-d25b262b736e,2026-03-26T18:19:02.052374,0,1.0,120.0,70.0,25.0,0.5,30.0
bff76fff-b119-4996-a65c-f1900bb6671b,2026-03-26T18:19:02.185643,0,1.0,120.0,70.0,25.0,0.5,30.0
6c22a061-b7b2-4be7-adfe-bb12674b8131,2026-03-26T18:25:21.870416,0,1.0,120.0,70.0,25.0,0.5,30.0
eb2414c0-dc36-47e2-aca5-e39258d2f38a,2026-03-26T18:56:29.537889,0,1.0,120.0,70.0,25.0,0.5,30.0
bd08f3cb-ee0f-4086-b027-4a0431654608,2026-03-26T19:04:03.296690,0,1.0,180.0,70.0,25.0,0.5,30.0
7f2eee4e-7379-4dcf-8965-397934bfe9e5,2026-03-26T19:04:07.988412,1,1.0,200.0,70.0,25.0,0.5,30.0
6fcdaa5d-50d8-4726-9088-f6f122bf29ff,2026-03-26T19:05:21.807705,0,1.0,120.0,70.0,25.0,0.5,30.0
056d48ab-3ad5-4898-adad-eb0b76b749d7,2026-03-26T19:06:08.727596,0,1.0,120.0,70.0,25.0,0.5,30.0
748dbb0c-6cae-4220-a177-608cf9345c3f,2026-03-30T17:46:02.097932,1,3.0,190.0,110.0,25.0,0.5,43.0
dd8d1d16-ec97-4236-8545-1d29b3edd4ee,2026-03-31T09:21:11.041664,0,1.0,120.0,70.0,25.0,0.5,30.0
0c27dcce-ee96-4149-aaa6-629ccff6a737,2026-03-31T09:33:19.296468,1,0.0,200.0,110.0,25.0,0.5,30.0
12047d48-a1c5-4332-96e4-c302a279ee9e,2026-04-02T17:29:40.234880,0,2.0,120.0,70.0,25.0,0.5,30.0
cb0787b5-0b39-4035-bfe8-d5f3046b046e,2026-04-02T17:29:44.279074,1,2.0,180.0,70.0,25.0,0.5,30.0
d8e333fb-7b76-4db0-b352-f20e29f02043,2026-04-02T17:29:56.965705,0,2.0,180.0,70.0,25.0,0.5,15.0
f60463e9-db0e-4eb5-9a1d-07a2364de6b0,2026-04-06T13:12:34.590309,1,0.0,190.0,90.0,26.0,0.5,30.0
3430813f-d9ba-4cd4-bcd3-6f482d96b43a,2026-04-07T09:41:47.448531,1,2.0,170.0,120.0,30.0,0.5,30.0
ada16d2d-6def-46d7-b081-4d31561cf73d,2026-04-07T12:25:16.300239,1,0.0,180.0,110.0,24.0,0.0,27.0
9357b715-ee84-4cb4-a440-c34a68e66bec,2026-04-07T12:25:25.276278,1,0.0,180.0,110.0,24.0,0.0,22.0
8f16d93e-d1ed-47db-829b-6f1b50e014c9,2026-04-07T12:25:32.229943,0,0.0,180.0,110.0,24.0,0.0,15.0
